method,method_label,n_queries,n_evaluable_queries,n_queries_without_positive_qrels,n_qrels,n_relevant,recall_at_1,recall_at_3,recall_at_5,recall_at_10,ndcg_at_1,ndcg_at_3,ndcg_at_5,ndcg_at_10,mrr_at_10
bm25,BM25,45,45,0,683,292,0.125682,0.311285,0.398769,0.456652,0.607407,0.535343,0.510874,0.490940,0.797249
dense,Dense retrieval,45,45,0,683,292,0.116944,0.291871,0.410642,0.647050,0.518519,0.508249,0.512319,0.598760,0.740741
hybrid,Hybrid retrieval,45,45,0,683,292,0.093637,0.279135,0.459080,0.663082,0.451852,0.483421,0.539196,0.594183,0.717989
