method,Recall@1,Recall@3,Recall@5,Recall@10,nDCG@1,nDCG@3,nDCG@5,nDCG@10,MRR@10
bm25,0.125682,0.311285,0.398769,0.456652,0.607407,0.535343,0.510874,0.490940,0.797249
dense,0.116944,0.291871,0.410642,0.647050,0.518519,0.508249,0.512319,0.598760,0.740741
hybrid,0.093637,0.279135,0.459080,0.663082,0.451852,0.483421,0.539196,0.594183,0.717989
